{
    "m6a_mean": 866.5368309341751,
    "m6a_std": 521.0946314103999,
    "cpg_mean": 83.22806062750007,
    "cpg_std": 63.4704152234659,
    "msp_mean": 79.60828866091595,
    "msp_std": 31.830098052819984,
    "nuc_mean": 79.28863370431849,
    "nuc_std": 31.805010952056076,
    "total_mean": 36749.0,
    "total_std": 0.0
}