{
    "m6a_mean": 1024.5870253681153,
    "m6a_std": 561.4312645816751,
    "cpg_mean": 194.56717489960494,
    "cpg_std": 118.62005201595217,
    "msp_mean": 79.46736752750661,
    "msp_std": 30.45500212537107,
    "nuc_mean": 79.20284697508897,
    "nuc_std": 30.426164736877983,
    "total_mean": 30629.0,
    "total_std": 0.0
}