{
    "m6a_mean": 773.7985612116821,
    "m6a_std": 498.00312998587276,
    "cpg_mean": 108.94204693190466,
    "cpg_std": 170.09170098678396,
    "msp_mean": 78.1201489331233,
    "msp_std": 32.00647945235966,
    "nuc_mean": 77.77268604706668,
    "nuc_std": 31.99305424716495,
    "total_mean": 356133.0,
    "total_std": 0.0
}