{
    "m6a_mean": 735.3942442555107,
    "m6a_std": 478.166794836498,
    "cpg_mean": 103.13210853491715,
    "cpg_std": 181.05572104053186,
    "msp_mean": 77.7878547557618,
    "msp_std": 32.179840894348025,
    "nuc_mean": 77.42805492545584,
    "nuc_std": 32.16874953585637,
    "total_mean": 288755.0,
    "total_std": 0.0
}