{
    "m6a_mean": 575.116960883428,
    "m6a_std": 459.070744914852,
    "cpg_mean": 57.91274593669803,
    "cpg_std": 53.5958427098348,
    "msp_mean": 67.69282214791197,
    "msp_std": 22.62665168498463,
    "nuc_mean": 67.09215335562641,
    "nuc_std": 22.71342478512652,
    "total_mean": 12859.0,
    "total_std": 0.0
}