{
    "m6a_mean": 601.6280760253418,
    "m6a_std": 460.1636384049008,
    "cpg_mean": 139.6813604534845,
    "cpg_std": 105.89181363423725,
    "msp_mean": 67.19793264421475,
    "msp_std": 21.77630144971993,
    "nuc_mean": 66.621207069023,
    "nuc_std": 21.855743446151585,
    "total_mean": 14995.0,
    "total_std": 0.0
}