{
    "m6a_mean": 542.3228259934834,
    "m6a_std": 438.6882594565068,
    "cpg_mean": 90.81729841291074,
    "cpg_std": 144.13139293231438,
    "msp_mean": 67.1164852804877,
    "msp_std": 22.82873748850862,
    "nuc_mean": 66.5044383079966,
    "nuc_std": 22.909021005647304,
    "total_mean": 104657.0,
    "total_std": 0.0
}