{
    "m6a_mean": 525.2534145801596,
    "m6a_std": 429.4843827239091,
    "cpg_mean": 86.7862453289585,
    "cpg_std": 158.03163275276282,
    "msp_mean": 67.00408838196425,
    "msp_std": 23.060464386561947,
    "nuc_mean": 66.38324023801154,
    "nuc_std": 23.139741181064977,
    "total_mean": 76803.0,
    "total_std": 0.0
}