{
    "m6a_mean": 882.5417791232661,
    "m6a_std": 539.7007855933424,
    "cpg_mean": 96.73154771067439,
    "cpg_std": 74.16944582533138,
    "msp_mean": 80.44308584329622,
    "msp_std": 31.68847120193741,
    "nuc_mean": 80.13175808575778,
    "nuc_std": 31.66764943745596,
    "total_mean": 584670.0,
    "total_std": 0.0
}