{
    "m6a_mean": 776.1399664568404,
    "m6a_std": 498.5671923154673,
    "cpg_mean": 108.35495850667596,
    "cpg_std": 168.29159860783514,
    "msp_mean": 78.46276763738538,
    "msp_std": 32.01923579661311,
    "nuc_mean": 78.11511947027945,
    "nuc_std": 32.00588791125771,
    "total_mean": 367288.0,
    "total_std": 0.0
}