{
    "m6a_mean": 925.5699955763613,
    "m6a_std": 533.3411944310974,
    "cpg_mean": 156.06168545497854,
    "cpg_std": 123.97577757967306,
    "msp_mean": 78.85084802613349,
    "msp_std": 30.90015500666969,
    "nuc_mean": 78.56183615036483,
    "nuc_std": 30.874971986242365,
    "total_mean": 411426.0,
    "total_std": 0.0
}