{
    "m6a_mean": 603.8642653459402,
    "m6a_std": 448.9205001943651,
    "cpg_mean": 137.97092150682874,
    "cpg_std": 113.2603086965845,
    "msp_mean": 67.4104082245235,
    "msp_std": 21.916277010188967,
    "nuc_mean": 66.83381359747861,
    "nuc_std": 21.99763362287468,
    "total_mean": 133260.0,
    "total_std": 0.0
}