{
    "m6a_mean": 543.254771267349,
    "m6a_std": 439.76397224174525,
    "cpg_mean": 90.21297561610471,
    "cpg_std": 142.63236500613903,
    "msp_mean": 67.2679253702206,
    "msp_std": 22.88069903577836,
    "nuc_mean": 66.656366492828,
    "nuc_std": 22.960590339442373,
    "total_mean": 107571.0,
    "total_std": 0.0
}