{
    "m6a_mean": 580.1812478690761,
    "m6a_std": 459.49855024958174,
    "cpg_mean": 76.66405273326514,
    "cpg_std": 68.99649353409163,
    "msp_mean": 68.18265712012729,
    "msp_std": 22.82296155983802,
    "nuc_mean": 67.58737735348714,
    "nuc_std": 22.905764240986546,
    "total_mean": 131985.0,
    "total_std": 0.0
}